{"global": 0.7648303127220072, "by_domain": {"tamper_dir": 0.9894497843390647}, "by_type": {"copy-move": 0.837417318905057, "retouch": 0.837417318905057, "splice": 0.7648303127220072}}